{
  "project_info": {
    "project_number": "270535523233",
    "project_id": "edupay-de9a9",
    "storage_bucket": "edupay-de9a9.firebasestorage.app"
  },
  "client": [
    {
      "client_info": {
        "mobilesdk_app_id": "1:270535523233:android:f596dbb7ec8c30c4d669e0",
        "android_client_info": {
          "package_name": "com.example.edupay"
        }
      },
      "oauth_client": [],
      "api_key": [
        {
          "current_key": "AIzaSyBA5SOFxrwrEDANfF5t-sWn1MXfhvJE6zk"
        }
      ],
      "services": {
        "appinvite_service": {
          "other_platform_oauth_client": []
        }
      }
    }
  ],
  "configuration_version": "1"
}